{"cameraMode":{"drawMode":0,"name":"Shaded","section":"Shading Mode"},"sceneLighting":false,"audioPlay":false,"sceneViewState":{"showFog":true,"showMaterialUpdate":false,"showSkybox":true,"showFlares":true,"showImageEffects":true,"showParticleSystems":true},"in2DMode":false,"pivot":{"x":1.0109703540802003,"y":-1.4162306785583497,"z":-0.3328971862792969},"rotation":{"x":0.130402609705925,"y":-0.02289866842329502,"z":0.0030125267803668977,"w":0.991192102432251},"size":21.398765563964845,"orthographic":false}