{"cameraMode":{"drawMode":0,"name":"Shaded","section":"Shading Mode"},"sceneLighting":false,"audioPlay":false,"sceneViewState":{"showFog":true,"showMaterialUpdate":false,"showSkybox":true,"showFlares":true,"showImageEffects":true,"showParticleSystems":true},"in2DMode":false,"pivot":{"x":4.07738733291626,"y":-0.9118865728378296,"z":1.4018769264221192},"rotation":{"x":0.130402609705925,"y":-0.02289866842329502,"z":0.0030125267803668977,"w":0.991192102432251},"size":6.075789451599121,"orthographic":false}